strategy,seed,shell_compromise_rate,core_breached,recovery_downtime,compromise_exposure_cost,total_operational_cost,recovery_count,mean_collapse_index,reinfections,mean_gluing_inconsistency
static,20260722,0.98,0,0.0,62.72000000000004,62.72000000000004,0,0.6865523599751898,0,0.016674173266433605
single_rollback,20260722,0.27625,1,95.0,17.680000000000007,212.68,38,0.4093491478683813,37,0.26374881152634755
random_e8,20260722,0.3025,0,67.5,19.359999999999992,86.85999999999999,27,0.36359081221756,26,0.2772817599614745
ghost_e8,20260722,0.345,1,52.5,22.08,174.57999999999998,21,0.314828476814084,20,0.2738202824138778
ghost_d8,20260722,0.33,0,55.0,21.11999999999999,76.11999999999999,22,0.3200355571295331,20,0.2657125695086149
ghost_random,20260722,0.3275,0,50.0,20.959999999999994,70.96,20,0.3093890244278317,17,0.25880163732752437
static,20260823,0.98375,1,0.0,62.96000000000004,162.96000000000004,0,0.6939421617134239,0,0.017151081364781086
single_rollback,20260823,0.29125,1,105.0,18.639999999999997,223.64,42,0.42574606486806377,41,0.2768368421535296
random_e8,20260823,0.27875,0,60.0,17.840000000000003,77.84,24,0.35366959691422506,22,0.2622702455379763
ghost_e8,20260823,0.3375,1,45.0,21.59999999999999,166.6,18,0.32910387939627817,15,0.2808557258736239
ghost_d8,20260823,0.29375,1,40.0,18.800000000000004,158.8,16,0.3016325791090693,13,0.25062772350526
ghost_random,20260823,0.295,0,42.5,18.88,61.379999999999995,17,0.29286015748782107,14,0.243542446879856
static,20260924,0.98625,1,0.0,63.12000000000005,163.12000000000006,0,0.6945546577421494,0,0.016744496105021822
single_rollback,20260924,0.285,0,107.5,18.24,125.74,43,0.42452330573899283,42,0.28394719157008175
random_e8,20260924,0.2625,0,60.0,16.800000000000008,76.80000000000001,24,0.310632760715032,23,0.22259356858705556
ghost_e8,20260924,0.31625,0,45.0,20.239999999999995,65.24,18,0.30898877201849556,15,0.25547092580712283
ghost_d8,20260924,0.32625,1,47.5,20.88,168.38,19,0.3214375965054305,16,0.2640742494206393
ghost_random,20260924,0.35,1,57.5,22.39999999999999,179.89999999999998,23,0.3322885030738483,22,0.28033524434797275
static,20261025,0.98,1,0.0,62.72000000000004,162.72000000000003,0,0.6906179233101989,0,0.020251835302680744
single_rollback,20261025,0.30875,1,125.0,19.75999999999999,244.76,50,0.4334272155050713,49,0.2814567537369717
random_e8,20261025,0.3125,0,70.0,19.999999999999996,90.0,28,0.37544203784566965,27,0.2738657449374085
ghost_e8,20261025,0.3275,1,50.0,20.959999999999987,170.95999999999998,20,0.32107018769600265,18,0.2696240530947931
ghost_d8,20261025,0.32,1,55.0,20.479999999999997,175.48,22,0.31662737431723753,21,0.2510013596935834
ghost_random,20261025,0.32625,0,47.5,20.879999999999985,68.37999999999998,19,0.30388485766278117,17,0.2552864933737934
static,20261126,0.9875,1,0.0,63.200000000000045,163.20000000000005,0,0.6926984657469965,0,0.009798051872953349
single_rollback,20261126,0.28875,0,110.0,18.479999999999997,128.48,44,0.419786090758342,43,0.26556875333757896
random_e8,20261126,0.28625,0,55.0,18.319999999999993,73.32,22,0.35800803411863413,20,0.26874546252833864
ghost_e8,20261126,0.3025,1,50.0,19.36,169.36,20,0.3016438615789249,19,0.26115106832658125
ghost_d8,20261126,0.29,1,45.0,18.559999999999988,163.56,18,0.3030395289813461,17,0.25412978402600395
ghost_random,20261126,0.3325,1,45.0,21.279999999999994,166.28,18,0.318803630116119,16,0.27141342056008133
static,20261227,0.97375,1,0.0,62.32000000000004,162.32000000000005,0,0.6895448194040559,0,0.01778130533737927
single_rollback,20261227,0.30375,0,112.5,19.43999999999999,131.94,45,0.4324837761513111,44,0.27651455802196806
random_e8,20261227,0.2975,0,65.0,19.040000000000003,84.04,26,0.3661007739417999,24,0.27588720263665356
ghost_e8,20261227,0.3525,1,52.5,22.559999999999995,175.06,21,0.33328304494804967,20,0.28589762894269144
ghost_d8,20261227,0.315,1,50.0,20.159999999999997,170.16,20,0.3208314609770014,19,0.2698590121880388
ghost_random,20261227,0.34375,0,52.5,21.99999999999999,74.49999999999999,21,0.32854718161689866,20,0.2753007093944068
static,20261328,0.98625,1,0.0,63.12000000000005,163.12000000000006,0,0.691589333034119,0,0.020548534855618483
single_rollback,20261328,0.31125,1,117.5,19.91999999999999,237.42,47,0.4351585242516349,46,0.2894120789478036
random_e8,20261328,0.27625,0,65.0,17.680000000000003,82.68,26,0.34465528241554244,24,0.24486464426861637
ghost_e8,20261328,0.355,1,57.5,22.71999999999999,180.22,23,0.33412220350399513,21,0.27803050230855936
ghost_d8,20261328,0.34,1,57.5,21.759999999999987,179.26,23,0.3270209829883404,21,0.27852322522536155
ghost_random,20261328,0.3325,1,50.0,21.27999999999999,171.27999999999997,20,0.3276497880821133,16,0.27731039476641123
static,20261429,0.965,1,0.0,61.76000000000004,161.76000000000005,0,0.6838766772742368,0,0.022851533808991315
single_rollback,20261429,0.2925,0,97.5,18.719999999999988,116.21999999999998,39,0.4192862422376345,38,0.26255148793751226
random_e8,20261429,0.30375,0,57.5,19.44,76.94,23,0.35442182363605823,21,0.26931920409159976
ghost_e8,20261429,0.2675,0,45.0,17.120000000000005,62.120000000000005,18,0.289381338530848,15,0.2409506108120529
ghost_d8,20261429,0.31625,1,60.0,20.24,180.24,24,0.3182374024112129,22,0.2656791061625945
ghost_random,20261429,0.33375,0,52.5,21.35999999999999,73.85999999999999,21,0.319841791468818,19,0.26834392978955124
static,20261530,0.97125,1,0.0,62.160000000000046,162.16000000000005,0,0.6857977879397487,0,0.02474785425210031
single_rollback,20261530,0.285,0,92.5,18.240000000000002,110.74000000000001,37,0.4198726471785008,36,0.2799588218086758
random_e8,20261530,0.305,0,70.0,19.52,89.52,28,0.37570799898295143,27,0.296092096131165
ghost_e8,20261530,0.36875,0,52.5,23.599999999999994,76.1,21,0.33736263032674735,18,0.29062536092875485
ghost_d8,20261530,0.3125,1,52.5,20.0,172.5,21,0.3004596286103857,19,0.25499383532410663
ghost_random,20261530,0.34,0,55.0,21.76,76.76,22,0.3171549398974778,20,0.2631217362765994
static,20261631,0.97875,1,0.0,62.64000000000004,162.64000000000004,0,0.6890588240679913,0,0.015876314852191896
single_rollback,20261631,0.29375,0,105.0,18.8,123.8,42,0.4239910941161667,41,0.27408279002009917
random_e8,20261631,0.28125,0,57.5,18.0,75.5,23,0.3604941128708251,21,0.26352239316636106
ghost_e8,20261631,0.30875,0,47.5,19.76,67.26,19,0.29673645248191816,17,0.25511972121708304
ghost_d8,20261631,0.30375,1,50.0,19.43999999999999,169.44,20,0.3019130066462198,18,0.24312470324379298
ghost_random,20261631,0.315,0,42.5,20.15999999999999,62.65999999999999,17,0.31585326018942256,12,0.2812019454776516
static,20261732,0.97,1,0.0,62.08000000000004,162.08000000000004,0,0.6872371711648039,0,0.023632708828657437
single_rollback,20261732,0.3075,1,115.0,19.679999999999993,234.68,46,0.43277874341626954,45,0.2782759441230288
random_e8,20261732,0.26375,0,50.0,16.880000000000006,66.88000000000001,20,0.3430422929037816,19,0.24352915680455847
ghost_e8,20261732,0.315,0,42.5,20.159999999999993,62.66,17,0.3159110692696813,15,0.2639291779490842
ghost_d8,20261732,0.30125,0,50.0,19.279999999999994,69.28,20,0.30644139852650154,18,0.2600372088727487
ghost_random,20261732,0.31625,0,47.5,20.24,67.74,19,0.2972256270232085,17,0.23814961543714225
static,20261833,0.985,1,0.0,63.04000000000004,163.04000000000005,0,0.6911311796509413,0,0.013992528116612259
single_rollback,20261833,0.32125,1,120.0,20.55999999999999,240.56,48,0.4450298201813041,47,0.2986522161807128
random_e8,20261833,0.28875,1,67.5,18.479999999999997,185.98,27,0.36470042742685593,26,0.27092332347558956
ghost_e8,20261833,0.37125,1,57.5,23.759999999999987,181.26,23,0.33893300889527433,20,0.2918693103399709
ghost_d8,20261833,0.32125,1,55.0,20.559999999999995,175.56,22,0.3201077599953442,20,0.27077786117919156
ghost_random,20261833,0.34125,1,50.0,21.83999999999999,171.83999999999997,20,0.3258065546185943,19,0.2742324196103289
static,20261934,0.97,1,0.0,62.08000000000004,162.08000000000004,0,0.6800220910205189,0,0.01460504858594438
single_rollback,20261934,0.3025,0,107.5,19.359999999999992,126.85999999999999,43,0.42583153986259165,42,0.280037551015637
random_e8,20261934,0.26875,1,57.5,17.200000000000003,174.7,23,0.34086752606989734,22,0.25968216493365975
ghost_e8,20261934,0.34125,0,42.5,21.84,64.34,17,0.3089641290389399,15,0.26013962677722047
ghost_d8,20261934,0.33625,0,50.0,21.519999999999992,71.52,20,0.32270443056069276,18,0.26098211488924017
ghost_random,20261934,0.355,0,50.0,22.71999999999999,72.72,20,0.3287036907695328,18,0.2784857997432537
static,20262035,0.9775,1,0.0,62.560000000000045,162.56000000000006,0,0.6934311368168201,0,0.02496989986013703
single_rollback,20262035,0.30625,0,105.0,19.599999999999994,124.6,42,0.4332311882522755,41,0.2773356056538317
random_e8,20262035,0.3,1,65.0,19.200000000000003,184.2,26,0.3645884522272137,25,0.26639103101963046
ghost_e8,20262035,0.3175,0,50.0,20.319999999999997,70.32,20,0.30267023466849297,19,0.25543000923828063
ghost_d8,20262035,0.325,0,50.0,20.799999999999986,70.79999999999998,20,0.31927518415082534,18,0.25519683720623954
ghost_random,20262035,0.3475,1,60.0,22.240000000000002,182.24,24,0.3191998516033161,23,0.26675726595225785
static,20262136,0.96625,1,0.0,61.840000000000046,161.84000000000003,0,0.6879119096952246,0,0.027249621042102636
single_rollback,20262136,0.30625,0,117.5,19.59999999999999,137.1,47,0.43472699634125417,46,0.2822831372741598
random_e8,20262136,0.2925,0,65.0,18.72,83.72,26,0.3599837036352352,25,0.2604076189658714
ghost_e8,20262136,0.29125,0,45.0,18.64,63.64,18,0.295273873714269,15,0.2462163407178096
ghost_d8,20262136,0.34125,1,47.5,21.83999999999999,169.33999999999997,19,0.3357816277326458,17,0.26531499288014215
ghost_random,20262136,0.27875,0,42.5,17.84,60.34,17,0.2751254599971176,14,0.22228101159560068
static,20262237,0.9675,1,0.0,61.920000000000044,161.92000000000004,0,0.6858381913037042,0,0.021637652057703405
single_rollback,20262237,0.2925,0,110.0,18.719999999999995,128.72,44,0.4243553498604614,43,0.2763099886492449
random_e8,20262237,0.2925,1,60.0,18.72,178.72,24,0.3546942218757443,23,0.2591755190699374
ghost_e8,20262237,0.31375,1,45.0,20.08,165.07999999999998,18,0.32094508842133607,16,0.2778433511909158
ghost_d8,20262237,0.30375,1,47.5,19.439999999999994,166.94,19,0.3185359552516127,15,0.2756218664300793
ghost_random,20262237,0.34375,0,52.5,21.999999999999982,74.49999999999999,21,0.32536308831072985,19,0.27629885966759093
static,20262338,0.955,1,0.0,61.12000000000004,161.12000000000003,0,0.6824113168214357,0,0.030608694066606094
single_rollback,20262338,0.275,0,107.5,17.6,125.1,43,0.41182146265174957,42,0.2630592216918448
random_e8,20262338,0.31375,1,57.5,20.079999999999995,177.57999999999998,23,0.3615268030211205,21,0.2635510283434328
ghost_e8,20262338,0.3625,0,57.5,23.199999999999985,80.69999999999999,23,0.32840893049025544,22,0.26109966174896304
ghost_d8,20262338,0.34,0,55.0,21.76,76.76,22,0.3305510157271793,21,0.259984915523797
ghost_random,20262338,0.32125,0,50.0,20.559999999999995,70.56,20,0.3017481905627632,19,0.24666320704545502
static,20262439,0.98125,1,0.0,62.80000000000005,162.80000000000004,0,0.6858415358570746,0,0.0172888844368828
single_rollback,20262439,0.2875,0,102.5,18.4,120.9,41,0.4115584312338505,40,0.26144217262132285
random_e8,20262439,0.28,0,65.0,17.92,82.92,26,0.3434894836732877,25,0.2500872749354116
ghost_e8,20262439,0.325,1,50.0,20.799999999999994,170.8,20,0.309285311779622,19,0.2593447026988413
ghost_d8,20262439,0.32375,0,50.0,20.72,70.72,20,0.3202606102403957,18,0.26886964296881183
ghost_random,20262439,0.34125,0,50.0,21.839999999999986,71.83999999999999,20,0.3245291348480769,17,0.25978826440756286
static,20262540,0.9675,1,0.0,61.920000000000044,161.92000000000004,0,0.6892185713570642,0,0.027414018960371128
single_rollback,20262540,0.3,0,107.5,19.2,126.7,43,0.43096844082914454,42,0.27876337083633396
random_e8,20262540,0.27625,0,55.0,17.68,72.68,22,0.3315375481054106,20,0.23959128545313246
ghost_e8,20262540,0.3075,0,55.0,19.679999999999996,74.67999999999999,22,0.302826337760619,19,0.26045503282362564
ghost_d8,20262540,0.3075,1,55.0,19.679999999999993,174.68,22,0.31141386085455924,19,0.2668268359115191
ghost_random,20262540,0.3675,0,50.0,23.519999999999985,73.51999999999998,20,0.34220529632253904,19,0.28633113880247096
static,20262641,0.98,1,0.0,62.72000000000004,162.72000000000003,0,0.6900483596861261,0,0.020268331810091408
single_rollback,20262641,0.315,1,117.5,20.159999999999993,237.66,47,0.43888176869414414,46,0.2924757260058153
random_e8,20262641,0.31125,1,60.0,19.92,179.92000000000002,24,0.35469357375513616,21,0.2554473190823858
ghost_e8,20262641,0.40375,0,62.5,25.839999999999986,88.33999999999999,25,0.34871231462949764,24,0.2878939595200654
ghost_d8,20262641,0.3275,0,55.0,20.959999999999994,75.96,22,0.3267359123917368,21,0.2773403195679333
ghost_random,20262641,0.3425,0,52.5,21.91999999999998,74.41999999999999,21,0.32285737007746784,20,0.276356316899278
static,20262742,0.9675,1,0.0,61.920000000000044,161.92000000000004,0,0.6875726097736478,0,0.029134338492700952
single_rollback,20262742,0.29,0,95.0,18.56,113.56,38,0.4262641308020909,37,0.2857152066561908
random_e8,20262742,0.25625,0,57.5,16.400000000000006,73.9,23,0.32831810529038824,21,0.23841459903277717
ghost_e8,20262742,0.34,0,52.5,21.75999999999999,74.25999999999999,21,0.3296709685977436,19,0.28016415400573247
ghost_d8,20262742,0.34125,0,42.5,21.839999999999993,64.33999999999999,17,0.3339348503837105,12,0.2753041562409905
ghost_random,20262742,0.3325,0,52.5,21.27999999999999,73.77999999999999,21,0.31730472161918305,20,0.2692160423290205
static,20262843,0.98375,1,0.0,62.96000000000004,162.96000000000004,0,0.6916977850389334,0,0.01223201051055389
single_rollback,20262843,0.3075,0,120.0,19.679999999999993,139.68,48,0.43325478859955874,47,0.27861872646783015
random_e8,20262843,0.295,1,57.5,18.88,176.38,23,0.3551450276722955,22,0.2620389516754803
ghost_e8,20262843,0.3075,0,52.5,19.679999999999996,72.17999999999999,21,0.285396530183166,17,0.22018754824739076
ghost_d8,20262843,0.27,0,47.5,17.279999999999998,64.78,19,0.26365188600847456,15,0.2183002133978536
ghost_random,20262843,0.33125,0,52.5,21.19999999999999,73.69999999999999,21,0.3222026570447076,20,0.27162004290074615
static,20262944,0.9975,1,0.0,63.840000000000046,163.84000000000003,0,0.6966953143071052,0,0.006733010865391467
single_rollback,20262944,0.315,0,122.5,20.15999999999999,142.66,49,0.4391186586288608,48,0.28566453130349917
random_e8,20262944,0.27875,0,62.5,17.840000000000003,80.34,25,0.32356121586651115,24,0.23284784373873899
ghost_e8,20262944,0.3475,1,52.5,22.240000000000002,174.74,21,0.3182397018964342,20,0.2764058301384894
ghost_d8,20262944,0.29625,0,50.0,18.96,68.96000000000001,20,0.30987931432874377,18,0.2556070949159726
ghost_random,20262944,0.35375,1,52.5,22.63999999999999,175.14,21,0.33627700824228013,19,0.297657502639642
static,20263045,0.9825,1,0.0,62.880000000000045,162.88000000000005,0,0.6886807876592071,0,0.01271605984992753
single_rollback,20263045,0.3075,0,122.5,19.68,142.18,49,0.42874530887880496,48,0.2700334025494128
random_e8,20263045,0.28625,0,62.5,18.320000000000004,80.82000000000001,25,0.3478114936335473,23,0.24630915621497707
ghost_e8,20263045,0.34625,0,55.0,22.160000000000004,77.16,22,0.3199771971004879,20,0.2740752610129826
ghost_d8,20263045,0.3475,0,52.5,22.239999999999984,74.73999999999998,21,0.33025196831673914,18,0.2681425229751985
ghost_random,20263045,0.34625,0,57.5,22.159999999999997,79.66,23,0.3190252596083122,21,0.26545334219155103
static,20263146,0.96125,1,0.0,61.520000000000046,161.52000000000004,0,0.6840765801379584,0,0.021461236089263112
single_rollback,20263146,0.29125,0,97.5,18.639999999999997,116.14,39,0.4234713072502472,38,0.2700243583636545
random_e8,20263146,0.2675,0,62.5,17.120000000000008,79.62,25,0.3438783753394833,24,0.25392658842049054
ghost_e8,20263146,0.2975,1,47.5,19.040000000000006,166.54000000000002,19,0.2894627057980779,18,0.24265161206815755
ghost_d8,20263146,0.31375,0,47.5,20.079999999999984,67.57999999999998,19,0.32703227897285214,16,0.2740277754317714
ghost_random,20263146,0.31125,0,45.0,19.919999999999998,64.92,18,0.3009501888092623,15,0.2547021512605509
static,20263247,0.9675,1,0.0,61.920000000000044,161.92000000000004,0,0.6884598983251773,0,0.025083041240734766
single_rollback,20263247,0.27875,1,107.5,17.84,225.34,43,0.41548400753133785,42,0.2643911306532173
random_e8,20263247,0.275,0,62.5,17.60000000000001,80.10000000000001,25,0.3502609553546293,24,0.24729961491942884
ghost_e8,20263247,0.29875,0,45.0,19.119999999999997,64.12,18,0.2906557962995829,16,0.24313800879117792
ghost_d8,20263247,0.30375,0,45.0,19.43999999999999,64.44,18,0.31918647596330707,15,0.2635909949090843
ghost_random,20263247,0.31125,0,52.5,19.919999999999987,72.41999999999999,21,0.3120616611845324,19,0.26142871373124643
static,20263348,0.97875,1,0.0,62.64000000000004,162.64000000000004,0,0.6910382461994026,0,0.020191794346391748
single_rollback,20263348,0.3,0,107.5,19.19999999999999,126.69999999999999,43,0.43244550190155834,42,0.2903167946407389
random_e8,20263348,0.29,0,65.0,18.560000000000002,83.56,26,0.36172765134753493,25,0.2691871395010839
ghost_e8,20263348,0.3325,0,50.0,21.27999999999999,71.27999999999999,20,0.3218283156008434,18,0.26712086034593585
ghost_d8,20263348,0.31125,0,52.5,19.91999999999999,72.41999999999999,21,0.3134160308710636,19,0.26034903934653847
ghost_random,20263348,0.36,0,60.0,23.03999999999999,83.03999999999999,24,0.33400442909718014,23,0.28152931228882166
static,20263449,0.98,1,0.0,62.72000000000004,162.72000000000003,0,0.6929586303046998,0,0.022425730090405226
single_rollback,20263449,0.31125,0,110.0,19.919999999999995,129.92,44,0.4381425580073672,43,0.2882859759834754
random_e8,20263449,0.3325,0,75.0,21.279999999999998,96.28,30,0.37668686925455835,29,0.2705286628753036
ghost_e8,20263449,0.3,0,45.0,19.200000000000006,64.2,18,0.30193126826100214,16,0.24895249260298777
ghost_d8,20263449,0.3125,0,50.0,20.0,70.0,20,0.3047721931571186,18,0.26292065347559107
ghost_random,20263449,0.29625,0,47.5,18.959999999999997,66.46,19,0.2881694529058277,17,0.2429917591013996
static,20263550,0.98375,1,0.0,62.96000000000004,162.96000000000004,0,0.6892904573022036,0,0.016118709824778744
single_rollback,20263550,0.295,0,102.5,18.879999999999995,121.38,41,0.42228187655226046,40,0.27323995781607324
random_e8,20263550,0.315,0,70.0,20.15999999999999,90.16,28,0.3773076949650246,27,0.2681471398569851
ghost_e8,20263550,0.35875,0,52.5,22.959999999999987,75.45999999999998,21,0.3361979298743714,19,0.29564342298181645
ghost_d8,20263550,0.31,1,47.5,19.84,167.34,19,0.31086314105206975,14,0.2564001672458909
ghost_random,20263550,0.35625,0,55.0,22.79999999999998,77.79999999999998,22,0.3458972746359958,20,0.29157522275252307
static,20263651,0.9675,1,0.0,61.920000000000044,161.92000000000004,0,0.687365620314685,0,0.03329769775338054
single_rollback,20263651,0.3,0,112.5,19.199999999999992,131.7,45,0.428870796954218,44,0.28305086984915057
random_e8,20263651,0.28125,0,65.0,18.000000000000004,83.0,26,0.35407440451108735,25,0.2508721944666238
ghost_e8,20263651,0.3125,1,50.0,20.0,170.0,20,0.3110472204148079,17,0.26806981782397993
ghost_d8,20263651,0.325,0,55.0,20.8,75.8,22,0.32453971587107433,19,0.27045722110058196
ghost_random,20263651,0.34875,0,52.5,22.32,74.82,21,0.33095906206255876,20,0.2768343955302139
static,20263752,0.9825,1,0.0,62.880000000000045,162.88000000000005,0,0.6918516998269219,0,0.01932316112889634
single_rollback,20263752,0.295,1,112.5,18.879999999999995,231.38,45,0.4256174707096008,44,0.2781317188788321
random_e8,20263752,0.26,1,62.5,16.640000000000008,179.14000000000001,25,0.3347789685069577,24,0.25192871819922447
ghost_e8,20263752,0.3025,1,47.5,19.359999999999996,166.86,19,0.299731208091104,15,0.2530661524661239
ghost_d8,20263752,0.29625,1,50.0,18.959999999999994,168.95999999999998,20,0.30788981789414593,17,0.2538643870466865
ghost_random,20263752,0.30875,1,50.0,19.759999999999994,169.76,20,0.30147335434917727,19,0.26548775803781344
static,20263853,0.9925,1,0.0,63.520000000000046,163.52000000000004,0,0.6948120102400682,0,0.008772846982743474
single_rollback,20263853,0.2975,0,110.0,19.040000000000003,129.04,44,0.4311431102920153,43,0.2883524513862653
random_e8,20263853,0.2875,0,57.5,18.400000000000006,75.9,23,0.34076011159337843,22,0.25585096096748927
ghost_e8,20263853,0.30875,1,42.5,19.759999999999998,162.26,17,0.3050738322649316,15,0.26003426540370994
ghost_d8,20263853,0.32625,1,45.0,20.879999999999992,165.88,18,0.32184419173817813,15,0.2685093522783592
ghost_random,20263853,0.31875,0,47.5,20.39999999999999,67.89999999999999,19,0.3048471704534975,16,0.2505674340769548
static,20263954,0.97375,1,0.0,62.32000000000004,162.32000000000005,0,0.6913460434167155,0,0.024752951837612707
single_rollback,20263954,0.27375,0,105.0,17.520000000000007,122.52000000000001,42,0.4152506489532643,41,0.2715779285829623
random_e8,20263954,0.27875,0,57.5,17.840000000000003,75.34,23,0.33822919545866353,20,0.24905223292013012
ghost_e8,20263954,0.305,1,47.5,19.520000000000003,167.02,19,0.30414139506353755,18,0.26296742504119225
ghost_d8,20263954,0.285,0,45.0,18.240000000000002,63.24,18,0.2936318829973763,17,0.24549141313871153
ghost_random,20263954,0.32,0,52.5,20.47999999999998,72.97999999999998,21,0.3082460205447879,19,0.2502745432533163
static,20264055,0.97875,1,0.0,62.64000000000004,162.64000000000004,0,0.6897608700701845,0,0.010455470976101357
single_rollback,20264055,0.31,0,120.0,19.839999999999993,139.84,48,0.43449987623376446,47,0.27332759925844635
random_e8,20264055,0.2875,0,60.0,18.4,78.4,24,0.360360821137074,22,0.26257748061026737
ghost_e8,20264055,0.3525,1,50.0,22.559999999999985,172.56,20,0.3271535176567653,17,0.2774800685598595
ghost_d8,20264055,0.29375,0,50.0,18.799999999999997,68.8,20,0.30092874915390605,17,0.25741621018832495
ghost_random,20264055,0.34375,1,50.0,21.999999999999996,172.0,20,0.3284885318621724,19,0.27664235698650363
static,20264156,0.9825,0,0.0,62.880000000000045,62.880000000000045,0,0.6926541897159865,0,0.019145885619094555
single_rollback,20264156,0.295,1,117.5,18.880000000000003,236.38,47,0.423243182388997,46,0.2682435821162022
random_e8,20264156,0.2775,0,65.0,17.759999999999998,82.75999999999999,26,0.3442827883699049,25,0.2581194223322249
ghost_e8,20264156,0.2825,0,47.5,18.080000000000002,65.58,19,0.2813148176598476,17,0.22403478161856044
ghost_d8,20264156,0.2975,0,47.5,19.039999999999992,66.53999999999999,19,0.2950286248240768,17,0.22148369409873964
ghost_random,20264156,0.32875,0,52.5,21.039999999999996,73.53999999999999,21,0.3140003880198718,19,0.27069343177824334
static,20264257,0.9925,1,0.0,63.520000000000046,163.52000000000004,0,0.6963217256714652,0,0.011356883086329697
single_rollback,20264257,0.29,1,112.5,18.56,231.06,45,0.4245891051172159,44,0.2761912461575961
random_e8,20264257,0.23,0,52.5,14.72000000000001,67.22000000000001,21,0.32630887101039574,18,0.22282662417912152
ghost_e8,20264257,0.3075,0,47.5,19.68,67.18,19,0.2910437279704792,15,0.23151664008873332
ghost_d8,20264257,0.3,1,47.5,19.2,166.7,19,0.30779484684415565,15,0.2528727957493901
ghost_random,20264257,0.3225,1,52.5,20.63999999999999,173.14,21,0.30928880486083654,20,0.26408688452561685
static,20264358,0.96625,1,0.0,61.840000000000046,161.84000000000003,0,0.6856635495349276,0,0.030590599815632596
single_rollback,20264358,0.29,0,102.5,18.56,121.06,41,0.4209837957635505,40,0.27643223277237644
random_e8,20264358,0.285,0,57.5,18.24,75.74,23,0.34813266286191047,21,0.2578021150847736
ghost_e8,20264358,0.345,0,52.5,22.079999999999988,74.57999999999998,21,0.3257984752480143,20,0.27816748725233437
ghost_d8,20264358,0.32,0,47.5,20.479999999999983,67.97999999999999,19,0.32297242198252635,15,0.2701798706336579
ghost_random,20264358,0.33875,1,47.5,21.679999999999993,169.18,19,0.32227390793104105,15,0.2681568653587416
static,20264459,0.9825,1,0.0,62.880000000000045,162.88000000000005,0,0.6927987371694333,0,0.019008913791278958
single_rollback,20264459,0.33875,0,125.0,21.679999999999996,146.68,50,0.45298489009053694,49,0.2939657554906033
random_e8,20264459,0.2725,1,65.0,17.440000000000005,182.44,26,0.3330055173886393,24,0.237096587519835
ghost_e8,20264459,0.345,1,60.0,22.07999999999999,182.07999999999998,24,0.31537224042821965,23,0.2657573290736537
ghost_d8,20264459,0.34625,0,52.5,22.159999999999993,74.66,21,0.3206250679713649,18,0.2643469424830122
ghost_random,20264459,0.32375,0,52.5,20.71999999999999,73.22,21,0.31323341787293246,18,0.2727440189594215
static,20264560,0.9775,1,0.0,62.560000000000045,162.56000000000006,0,0.6907788590242808,0,0.01727866687730812
single_rollback,20264560,0.29,0,105.0,18.56,123.56,42,0.424011463914557,41,0.27375991936160565
random_e8,20264560,0.27125,1,57.5,17.360000000000007,174.86,23,0.3440057260155367,22,0.24022667245442336
ghost_e8,20264560,0.31625,1,47.5,20.23999999999999,167.74,19,0.30734728708380943,17,0.2567437324421688
ghost_d8,20264560,0.30875,0,45.0,19.759999999999987,64.75999999999999,18,0.3222074756607355,17,0.2704628671263459
ghost_random,20264560,0.30875,1,40.0,19.75999999999999,159.76,16,0.3116926634310384,13,0.2606570564022222
static,20264661,0.98375,1,0.0,62.96000000000004,162.96000000000004,0,0.6921559109045765,0,0.016751217671955854
single_rollback,20264661,0.2775,1,102.5,17.759999999999998,220.26,41,0.40886533933834296,40,0.24963147337000632
random_e8,20264661,0.30375,1,67.5,19.44,186.94,27,0.3628683476639674,26,0.26624917814548377
ghost_e8,20264661,0.33625,1,57.5,21.519999999999996,179.01999999999998,23,0.3105941207754999,22,0.2610745297107415
ghost_d8,20264661,0.34125,1,55.0,21.83999999999999,176.83999999999997,22,0.32183098873730065,21,0.2642844252979408
ghost_random,20264661,0.39125,1,55.0,25.039999999999978,180.03999999999996,22,0.3582026516986836,21,0.30717704095186227
static,21260722,0.95375,1,0.0,61.04000000000004,161.04000000000005,0,0.6844573494990823,0,0.04477988952986479
single_rollback,21260722,0.31,1,107.5,19.839999999999993,227.33999999999997,43,0.4384820035565598,42,0.2985454451468504
random_e8,21260722,0.28375,0,65.0,18.16,83.16,26,0.3536651797681308,24,0.2598697577118271
ghost_e8,21260722,0.34875,0,52.5,22.31999999999999,74.82,21,0.3216287123038798,20,0.27245627132433947
ghost_d8,21260722,0.28375,0,45.0,18.159999999999993,63.16,18,0.2876025319352843,15,0.23682115122909742
ghost_random,21260722,0.335,0,52.5,21.43999999999999,73.94,21,0.32828337675495417,20,0.28620992128557227
static,21260823,0.9625,1,0.0,61.600000000000044,161.60000000000005,0,0.6842548178967099,0,0.032247971792015113
single_rollback,21260823,0.3075,1,110.0,19.68,229.68,44,0.4305391475624964,43,0.2781211586239746
random_e8,21260823,0.29,0,60.0,18.55999999999999,78.55999999999999,24,0.34549394342795803,23,0.2590928102719452
ghost_e8,21260823,0.3525,0,57.5,22.559999999999985,80.05999999999999,23,0.3293892607149111,22,0.2767160623681783
ghost_d8,21260823,0.35125,0,57.5,22.479999999999976,79.97999999999998,23,0.3365765912334624,22,0.2762539323302859
ghost_random,21260823,0.3725,0,52.5,23.839999999999993,76.33999999999999,21,0.3435163850790593,19,0.2799670646795113
static,21260924,0.9775,0,0.0,62.560000000000045,62.560000000000045,0,0.69295860315408,0,0.019318302947817726
single_rollback,21260924,0.30125,1,112.5,19.28,231.78,45,0.43261302316780437,44,0.2792019111813555
random_e8,21260924,0.29,0,62.5,18.560000000000002,81.06,25,0.35345879141548603,24,0.2798790050100821
ghost_e8,21260924,0.35125,0,52.5,22.47999999999999,74.97999999999999,21,0.324570491400322,19,0.2654485112789515
ghost_d8,21260924,0.34125,0,57.5,21.839999999999986,79.33999999999999,23,0.3211136899941225,20,0.2592419208905896
ghost_random,21260924,0.3325,0,52.5,21.27999999999999,73.77999999999999,21,0.3105198208554264,19,0.2552553796515416
static,21261025,0.97625,1,0.0,62.48000000000005,162.48000000000005,0,0.6881150059911608,0,0.017430268940270135
single_rollback,21261025,0.3025,0,105.0,19.359999999999996,124.36,42,0.4299603053864589,41,0.27898647864847775
random_e8,21261025,0.28,0,55.0,17.92,72.92,22,0.3450210171785766,21,0.26287961630775714
ghost_e8,21261025,0.3325,0,52.5,21.279999999999994,73.78,21,0.3198012400070468,20,0.27240107501723965
ghost_d8,21261025,0.33625,1,50.0,21.519999999999992,171.51999999999998,20,0.32326640242947063,19,0.2673291400138108
ghost_random,21261025,0.31875,0,50.0,20.399999999999988,70.39999999999999,20,0.30739327683996565,17,0.24978309762018733
static,21261126,0.96625,1,0.0,61.840000000000046,161.84000000000003,0,0.6883574887060181,0,0.030608380085261754
single_rollback,21261126,0.28875,0,105.0,18.479999999999993,123.47999999999999,42,0.4243493819715394,41,0.2800793845073494
random_e8,21261126,0.26625,1,62.5,17.040000000000003,179.54000000000002,25,0.3370717624280967,24,0.2489201059349922
ghost_e8,21261126,0.3375,1,50.0,21.59999999999999,171.6,20,0.3141734694930568,19,0.2690772655078566
ghost_d8,21261126,0.32375,0,52.5,20.719999999999985,73.21999999999998,21,0.3210161313532881,20,0.26937590270359046
ghost_random,21261126,0.3625,0,52.5,23.199999999999992,75.69999999999999,21,0.3431810236160197,19,0.29492859410511124
static,21261227,0.95125,1,0.0,60.880000000000045,160.88000000000005,0,0.6741514999216743,0,0.03271566717028955
single_rollback,21261227,0.32375,0,117.5,20.719999999999988,138.22,47,0.4353496404189688,46,0.28081508974983493
random_e8,21261227,0.25875,0,62.5,16.56000000000001,79.06,25,0.3330221288061117,24,0.23875855893093434
ghost_e8,21261227,0.335,0,52.5,21.439999999999987,73.93999999999998,21,0.30894930625707484,19,0.260265056409665
ghost_d8,21261227,0.305,0,50.0,19.520000000000003,69.52000000000001,20,0.30744399249891624,19,0.2592238574548915
ghost_random,21261227,0.31875,0,55.0,20.399999999999988,75.39999999999999,22,0.3073189685430516,21,0.26260585027942973
static,21261328,0.98625,1,0.0,63.12000000000005,163.12000000000006,0,0.6940904388711702,0,0.016600531368728882
single_rollback,21261328,0.29,0,95.0,18.56,113.56,38,0.42171103803872223,37,0.26876239033046284
random_e8,21261328,0.265,0,57.5,16.960000000000004,74.46000000000001,23,0.33446891892840463,21,0.2398764560047681
ghost_e8,21261328,0.3475,0,50.0,22.240000000000002,72.24000000000001,20,0.33040567353755734,18,0.2774709564179476
ghost_d8,21261328,0.31625,0,50.0,20.240000000000006,70.24000000000001,20,0.310920800917656,18,0.2638633380188747
ghost_random,21261328,0.31,0,52.5,19.839999999999996,72.34,21,0.2985915002993557,19,0.2557863808104651
static,21261429,0.95625,1,0.0,61.200000000000045,161.20000000000005,0,0.6848054822310015,0,0.03299937031732307
single_rollback,21261429,0.28625,0,105.0,18.320000000000004,123.32000000000001,42,0.4214996859006663,41,0.27292000387497706
random_e8,21261429,0.2825,0,65.0,18.080000000000002,83.08,26,0.3432346378882063,23,0.25499610875014705
ghost_e8,21261429,0.30125,0,47.5,19.279999999999994,66.78,19,0.2966611474121556,17,0.25121851456113253
ghost_d8,21261429,0.29875,0,47.5,19.119999999999997,66.62,19,0.30251254164114305,17,0.24377985638684496
ghost_random,21261429,0.3325,0,52.5,21.27999999999999,73.77999999999999,21,0.3227733901678986,20,0.27756152850752874
static,21261530,0.9425,1,0.0,60.32000000000004,160.32000000000005,0,0.6741735631497625,0,0.03137611672335679
single_rollback,21261530,0.2925,0,97.5,18.72,116.22,39,0.4206790212894831,38,0.2698380835152209
random_e8,21261530,0.28125,0,62.5,18.0,80.5,25,0.36307306154684016,23,0.2580931763145735
ghost_e8,21261530,0.305,1,45.0,19.52,164.51999999999998,18,0.3058037214328239,16,0.26346181568759314
ghost_d8,21261530,0.3225,1,50.0,20.63999999999999,170.64,20,0.315883477802934,18,0.2644079598204985
ghost_random,21261530,0.32875,0,52.5,21.039999999999996,73.53999999999999,21,0.3192474457791785,20,0.2662953779100294
static,21261631,0.9775,1,0.0,62.560000000000045,162.56000000000006,0,0.6877131837130623,0,0.0224333026620394
single_rollback,21261631,0.29625,0,100.0,18.959999999999994,118.96,40,0.4213648362235295,39,0.2686706000979075
random_e8,21261631,0.26125,0,55.0,16.720000000000006,71.72,22,0.3167417806496797,20,0.22783505727375247
ghost_e8,21261631,0.32125,0,52.5,20.559999999999988,73.05999999999999,21,0.31112488292836743,18,0.2642811383662904
ghost_d8,21261631,0.33375,0,52.5,21.359999999999996,73.86,21,0.3208402210455634,20,0.26690625868270856
ghost_random,21261631,0.32625,0,52.5,20.879999999999995,73.38,21,0.3118560426203884,19,0.2518756677470878
static,21261732,0.98,1,0.0,62.72000000000004,162.72000000000003,0,0.6900404896683692,0,0.0234739809571175
single_rollback,21261732,0.32125,1,117.5,20.559999999999995,238.06,47,0.43877871836201865,46,0.2850988558135134
random_e8,21261732,0.2825,1,70.0,18.080000000000002,188.07999999999998,28,0.3567070631933692,27,0.25716180524679394
ghost_e8,21261732,0.32375,0,57.5,20.719999999999988,78.21999999999998,23,0.31398643861933534,22,0.27280722415201153
ghost_d8,21261732,0.3275,0,47.5,20.95999999999999,68.46,19,0.31862702330947296,18,0.2666184843554204
ghost_random,21261732,0.36,1,50.0,23.039999999999992,173.04,20,0.3386828062582131,19,0.28392636962665974
static,21261833,0.95,1,0.0,60.80000000000005,160.80000000000004,0,0.6832744178127906,0,0.048588114400660416
single_rollback,21261833,0.2975,0,107.5,19.039999999999996,126.53999999999999,43,0.42672161053808066,42,0.2825321677040767
random_e8,21261833,0.285,1,60.0,18.239999999999995,178.24,24,0.3459484575814752,22,0.2694481876927766
ghost_e8,21261833,0.355,0,52.5,22.71999999999999,75.22,21,0.3337131663128443,20,0.2835105801257306
ghost_d8,21261833,0.315,0,47.5,20.16,67.66,19,0.31175804093830556,16,0.2650328487627749
ghost_random,21261833,0.3275,1,55.0,20.959999999999987,175.95999999999998,22,0.32042220782853015,19,0.26940680555828167
static,21261934,0.94625,1,0.0,60.560000000000045,160.56000000000006,0,0.6747157381885619,0,0.02984108595201548
single_rollback,21261934,0.3075,0,120.0,19.679999999999986,139.67999999999998,48,0.4346115270946783,47,0.2925348340852676
random_e8,21261934,0.26875,1,60.0,17.200000000000006,177.2,24,0.3344513457024807,22,0.2556042096996723
ghost_e8,21261934,0.24375,1,35.0,15.60000000000001,150.60000000000002,14,0.2582229638782065,9,0.22303099950092836
ghost_d8,21261934,0.2975,0,45.0,19.040000000000003,64.04,18,0.3072861427916987,15,0.2562350960374767
ghost_random,21261934,0.2825,0,40.0,18.080000000000005,58.080000000000005,16,0.28132951801556116,12,0.2398162273213325
static,21262035,0.98375,1,0.0,62.96000000000004,162.96000000000004,0,0.695370420203288,0,0.02241356235113765
single_rollback,21262035,0.29125,0,120.0,18.63999999999999,138.64,48,0.4282914227475355,47,0.28645039747713663
random_e8,21262035,0.27125,0,60.0,17.360000000000007,77.36000000000001,24,0.34705201997276885,22,0.24160368619263964
ghost_e8,21262035,0.33625,0,50.0,21.519999999999992,71.52,20,0.31843857502733325,19,0.26984148140315317
ghost_d8,21262035,0.31,0,47.5,19.84,67.34,19,0.31727277483518546,17,0.2717941147813572
ghost_random,21262035,0.325,1,47.5,20.79999999999999,168.29999999999998,19,0.3240561148933465,16,0.26176168076142675
static,21262136,0.98875,1,0.0,63.280000000000044,163.28000000000003,0,0.6946421148295887,0,0.01350549280557507
single_rollback,21262136,0.29,0,105.0,18.56,123.56,42,0.421144777883417,41,0.26762086063878154
random_e8,21262136,0.27625,0,55.0,17.679999999999996,72.67999999999999,22,0.33544351758258123,19,0.24218113905995584
ghost_e8,21262136,0.285,1,45.0,18.24,163.24,18,0.29046924054533796,14,0.23722885312759343
ghost_d8,21262136,0.31,0,47.5,19.839999999999996,67.34,19,0.3073903126071238,16,0.24551440009961198
ghost_random,21262136,0.3375,0,52.5,21.599999999999994,74.1,21,0.3091237578244571,19,0.2538842073645973
static,21262237,0.9875,1,0.0,63.200000000000045,163.20000000000005,0,0.6897036888522209,0,0.012670614359383374
single_rollback,21262237,0.3075,1,110.0,19.679999999999993,229.68,44,0.4261301135928823,43,0.26617325337237496
random_e8,21262237,0.3,0,57.5,19.2,76.7,23,0.3578084552175569,22,0.258335146802219
ghost_e8,21262237,0.3625,0,52.5,23.19999999999999,75.69999999999999,21,0.33461976558925144,19,0.2768561941497743
ghost_d8,21262237,0.3225,0,50.0,20.639999999999986,70.63999999999999,20,0.31732111061509644,17,0.2622462719418073
ghost_random,21262237,0.34125,0,57.5,21.839999999999975,79.33999999999997,23,0.32141453183773505,21,0.2687790892326862
static,21262338,0.9875,1,0.0,63.200000000000045,163.20000000000005,0,0.6941119346294582,0,0.018042615095757383
single_rollback,21262338,0.2825,0,102.5,18.080000000000005,120.58000000000001,41,0.4150129199602513,40,0.26226972853847047
random_e8,21262338,0.30375,1,60.0,19.439999999999994,179.44,24,0.36519745416988647,23,0.2577272491127258
ghost_e8,21262338,0.3425,1,50.0,21.91999999999998,171.92,20,0.32530591469380815,18,0.27541111052284967
ghost_d8,21262338,0.30625,1,52.5,19.599999999999994,172.1,21,0.3046046787766102,19,0.23649213975991232
ghost_random,21262338,0.315,0,50.0,20.159999999999993,70.16,20,0.3094172834679368,19,0.26555344286418586
static,21262439,0.96625,1,0.0,61.840000000000046,161.84000000000003,0,0.6850832148962609,0,0.02645010075353317
single_rollback,21262439,0.29,0,112.5,18.560000000000002,131.06,45,0.42310874684193556,44,0.27825171785227265
random_e8,21262439,0.29,0,62.5,18.560000000000002,81.06,25,0.3485496463654057,24,0.2586805951106807
ghost_e8,21262439,0.3575,0,52.5,22.87999999999999,75.38,21,0.32715938398838823,20,0.2781134223790054
ghost_d8,21262439,0.34375,0,57.5,21.99999999999999,79.49999999999999,23,0.3245516629141726,21,0.26299371166774377
ghost_random,21262439,0.335,0,47.5,21.439999999999998,68.94,19,0.3152325202505244,17,0.25608012702992694
static,21262540,0.97125,1,0.0,62.160000000000046,162.16000000000005,0,0.6905283651190893,0,0.028348635761995554
single_rollback,21262540,0.31125,0,107.5,19.919999999999998,127.42,43,0.4365946845475499,42,0.2823199289074452
random_e8,21262540,0.28,0,62.5,17.920000000000005,80.42,25,0.34774254653698944,23,0.23759355937777876
ghost_e8,21262540,0.30875,0,45.0,19.759999999999998,64.75999999999999,18,0.3023027135365612,14,0.25878017037462087
ghost_d8,21262540,0.3075,0,45.0,19.680000000000003,64.68,18,0.3150376804566719,14,0.26232383322678154
ghost_random,21262540,0.345,1,47.5,22.079999999999988,169.57999999999998,19,0.32388895488532077,16,0.2781341312707144
static,21262641,0.95375,1,0.0,61.04000000000004,161.04000000000005,0,0.6824229421203347,0,0.030844325293913587
single_rollback,21262641,0.30125,0,112.5,19.28,131.78,45,0.4344760248555061,44,0.291865008449371
random_e8,21262641,0.27875,0,60.0,17.840000000000003,77.84,24,0.33931284295005737,22,0.2427367826386784
ghost_e8,21262641,0.36875,0,52.5,23.59999999999999,76.1,21,0.33099520421249273,19,0.2772028391963434
ghost_d8,21262641,0.32625,0,47.5,20.87999999999999,68.38,19,0.31961603535474675,16,0.26387392688418565
ghost_random,21262641,0.3325,0,52.5,21.279999999999987,73.77999999999999,21,0.3164120676005852,19,0.2699156060152351
static,21262742,0.9675,1,0.0,61.920000000000044,161.92000000000004,0,0.6850526406163259,0,0.021704059172572596
single_rollback,21262742,0.31625,1,112.5,20.23999999999999,232.73999999999998,45,0.43457558546816194,44,0.2727372460606001
random_e8,21262742,0.26625,1,57.5,17.040000000000006,174.54000000000002,23,0.33665286236806635,20,0.2420481606015349
ghost_e8,21262742,0.3825,0,55.0,24.47999999999999,79.47999999999999,22,0.3501838628835351,20,0.294432211015539
ghost_d8,21262742,0.2925,0,42.5,18.719999999999995,61.22,17,0.2937732362720846,13,0.22916514905397128
ghost_random,21262742,0.325,0,50.0,20.799999999999997,70.8,20,0.30909358354324096,19,0.27278284053632207
static,21262843,0.9725,1,0.0,62.240000000000045,162.24000000000004,0,0.6889371945748795,0,0.020075657923710945
single_rollback,21262843,0.32125,1,120.0,20.55999999999999,240.56,48,0.4431989763762479,47,0.28661866549424375
random_e8,21262843,0.285,0,60.0,18.239999999999995,78.24,24,0.3455632023901203,22,0.25076465568326073
ghost_e8,21262843,0.32875,0,45.0,21.040000000000006,66.04,18,0.3181653369739382,15,0.2725841804908042
ghost_d8,21262843,0.30875,0,42.5,19.759999999999998,62.26,17,0.3155259364519019,13,0.25956014429662755
ghost_random,21262843,0.33375,1,50.0,21.359999999999996,171.36,20,0.30990569997905015,16,0.2567671309786078
static,21262944,0.975,1,0.0,62.40000000000004,162.40000000000003,0,0.6892902780976904,0,0.024927705696962718
single_rollback,21262944,0.31,0,102.5,19.84,122.34,41,0.43205964366447025,40,0.27701554931990946
random_e8,21262944,0.29375,1,65.0,18.799999999999994,183.8,26,0.36011143512211274,25,0.2556618166810624
ghost_e8,21262944,0.39125,0,57.5,25.039999999999992,82.53999999999999,23,0.34469022448591013,22,0.2825021117306029
ghost_d8,21262944,0.31625,0,50.0,20.239999999999988,70.23999999999998,20,0.3115748196186557,17,0.2644024860439066
ghost_random,21262944,0.3475,0,50.0,22.239999999999988,72.23999999999998,20,0.33006173282122064,18,0.29679270250717577
static,21263045,0.97375,1,0.0,62.32000000000004,162.32000000000005,0,0.6871365301181129,0,0.02135554464211614
single_rollback,21263045,0.29375,0,102.5,18.800000000000004,121.30000000000001,41,0.4252156430805346,40,0.280193235629112
random_e8,21263045,0.27875,0,52.5,17.84,70.34,21,0.3350193416585478,19,0.24092622845672867
ghost_e8,21263045,0.34,0,52.5,21.759999999999998,74.25999999999999,21,0.3061026924292509,20,0.2483172151135724
ghost_d8,21263045,0.30625,0,47.5,19.599999999999987,67.1,19,0.3051232781327761,16,0.24659867083358403
ghost_random,21263045,0.35375,1,47.5,22.639999999999983,170.14,19,0.3269422584040501,17,0.2760767532542797
static,21263146,0.97625,1,0.0,62.48000000000005,162.48000000000005,0,0.6862580345203889,0,0.013206331796031298
single_rollback,21263146,0.2975,0,110.0,19.040000000000003,129.04,44,0.4282606347150115,43,0.28433604164357273
random_e8,21263146,0.2775,1,62.5,17.76,180.26,25,0.3517187122116183,24,0.2625960035636003
ghost_e8,21263146,0.3925,0,55.0,25.119999999999983,80.11999999999998,22,0.354295961110962,21,0.3041299628346907
ghost_d8,21263146,0.35625,0,52.5,22.79999999999998,75.29999999999998,21,0.34212227451239585,18,0.29238800638520773
ghost_random,21263146,0.325,0,50.0,20.800000000000004,70.80000000000001,20,0.3103010380350452,16,0.25827320672091447
static,21263247,0.9675,1,0.0,61.920000000000044,161.92000000000004,0,0.6867044877384736,0,0.022538683316708767
single_rollback,21263247,0.295,1,102.5,18.879999999999992,221.38,41,0.42488799420700146,40,0.2703226680516416
random_e8,21263247,0.28,0,62.5,17.92,80.42,25,0.3482693368721889,24,0.2609696231620764
ghost_e8,21263247,0.33,0,47.5,21.119999999999987,68.61999999999999,19,0.31389777965633886,18,0.271424031856874
ghost_d8,21263247,0.28625,0,45.0,18.319999999999997,63.31999999999999,18,0.30614094922556395,17,0.2658710381456777
ghost_random,21263247,0.3025,0,45.0,19.35999999999999,64.35999999999999,18,0.30031992840658667,16,0.2571365137073593
static,21263348,0.9675,0,0.0,61.920000000000044,61.920000000000044,0,0.6874957728996912,0,0.02802391869912624
single_rollback,21263348,0.28875,0,100.0,18.479999999999993,118.47999999999999,40,0.422383184262729,39,0.27609127645754983
random_e8,21263348,0.27375,0,62.5,17.520000000000003,80.02000000000001,25,0.3381846988274804,23,0.24889213855811168
ghost_e8,21263348,0.3625,0,47.5,23.199999999999985,70.69999999999999,19,0.335369093536314,17,0.27376093600281926
ghost_d8,21263348,0.3225,1,50.0,20.639999999999997,170.64,20,0.3311730654695529,18,0.2842729567701206
ghost_random,21263348,0.3125,0,45.0,20.0,65.0,18,0.3176349079939926,15,0.26961497319872413
static,21263449,0.97625,1,0.0,62.48000000000005,162.48000000000005,0,0.6903135120640421,0,0.02143048395255027
single_rollback,21263449,0.30375,0,110.0,19.439999999999998,129.44,44,0.4315164326900876,42,0.27813190350153727
random_e8,21263449,0.2875,1,60.0,18.400000000000002,178.4,24,0.3541241319212275,21,0.2580044246205235
ghost_e8,21263449,0.295,0,47.5,18.87999999999999,66.38,19,0.2969789406410574,16,0.2540276273091615
ghost_d8,21263449,0.28,0,42.5,17.92,60.42,17,0.2941610397017821,12,0.24305942484417364
ghost_random,21263449,0.315,0,47.5,20.159999999999993,67.66,19,0.3131045090398882,17,0.2774779140301872
static,21263550,0.965,1,0.0,61.76000000000004,161.76000000000005,0,0.6847743123672768,0,0.021202372068300012
single_rollback,21263550,0.29,1,117.5,18.56,236.06,47,0.42319499724178317,46,0.27413841518051374
random_e8,21263550,0.2775,1,65.0,17.760000000000005,182.76,26,0.3499836468373234,24,0.2503093806776889
ghost_e8,21263550,0.36875,1,50.0,23.599999999999984,173.59999999999997,20,0.3306615551351559,18,0.27322931957139374
ghost_d8,21263550,0.30125,0,52.5,19.28,71.78,21,0.3090489451064864,18,0.2540033569709853
ghost_random,21263550,0.35375,1,52.5,22.639999999999997,175.14,21,0.32836340959790744,20,0.27738200956015996
static,21263651,0.9825,1,0.0,62.880000000000045,162.88000000000005,0,0.6939311062498058,0,0.01894999563421515
single_rollback,21263651,0.31,1,117.5,19.839999999999982,237.33999999999997,47,0.4327249377273917,46,0.27096142207943524
random_e8,21263651,0.3,0,62.5,19.199999999999992,81.69999999999999,25,0.3548310221984486,24,0.27048932957855776
ghost_e8,21263651,0.31125,0,50.0,19.91999999999999,69.91999999999999,20,0.29424083259780864,17,0.25263196738250876
ghost_d8,21263651,0.29875,0,50.0,19.119999999999987,69.11999999999999,20,0.2913216565274521,17,0.2481476483479069
ghost_random,21263651,0.35625,1,60.0,22.8,182.8,24,0.32570720370937983,23,0.27686635319664993
static,21263752,0.95625,1,0.0,61.200000000000045,161.20000000000005,0,0.6774629024675802,0,0.029609336071570645
single_rollback,21263752,0.30875,0,105.0,19.760000000000005,124.76,42,0.4296406436771776,41,0.28135944850875666
random_e8,21263752,0.2675,0,62.5,17.120000000000005,79.62,25,0.3285896479823298,24,0.24343374583623067
ghost_e8,21263752,0.3275,1,50.0,20.95999999999999,170.95999999999998,20,0.31830290059861666,18,0.2867113627096261
ghost_d8,21263752,0.3175,1,45.0,20.320000000000004,165.32,18,0.31524693514840146,17,0.2673459430702449
ghost_random,21263752,0.33625,0,52.5,21.519999999999996,74.02,21,0.3171971050211878,20,0.2622175773605149
static,21263853,0.9875,1,0.0,63.200000000000045,163.20000000000005,0,0.6933865665839656,0,0.01584923603896444
single_rollback,21263853,0.27125,0,107.5,17.360000000000007,124.86000000000001,43,0.4068665780937131,42,0.25422128385680964
random_e8,21263853,0.31,0,67.5,19.839999999999986,87.33999999999999,27,0.36126299601159034,26,0.26287238614886665
ghost_e8,21263853,0.31375,0,50.0,20.07999999999999,70.07999999999998,20,0.311387528767704,19,0.2669228182936231
ghost_d8,21263853,0.3325,0,47.5,21.27999999999999,68.77999999999999,19,0.3185092909440779,16,0.2650863893624816
ghost_random,21263853,0.30875,1,45.0,19.759999999999998,164.76,18,0.29454566860837866,16,0.2293171318130355
static,21263954,0.9675,0,0.0,61.920000000000044,61.920000000000044,0,0.6913364610959589,0,0.034308183919305915
single_rollback,21263954,0.31125,0,117.5,19.919999999999987,137.42,47,0.44030859178824877,46,0.29087132174649194
random_e8,21263954,0.2775,0,67.5,17.76000000000001,85.26,27,0.3358844915719925,25,0.24518418785888543
ghost_e8,21263954,0.29625,1,45.0,18.959999999999997,163.95999999999998,18,0.2896433336460356,13,0.2380549938439944
ghost_d8,21263954,0.315,0,50.0,20.159999999999986,70.15999999999998,20,0.3187596715536397,17,0.26820894465343953
ghost_random,21263954,0.34625,0,57.5,22.15999999999999,79.66,23,0.3214875838605661,21,0.27261506530065316
static,21264055,0.95875,1,0.0,61.36000000000005,161.36000000000004,0,0.6852494464193571,0,0.0421690946085683
single_rollback,21264055,0.29375,0,102.5,18.800000000000004,121.30000000000001,41,0.4181274579926596,40,0.2613364977282834
random_e8,21264055,0.30875,1,65.0,19.759999999999998,184.76,26,0.37691305063480324,25,0.28882547662672176
ghost_e8,21264055,0.32625,0,52.5,20.879999999999995,73.38,21,0.31972213191361615,19,0.2756077153557697
ghost_d8,21264055,0.3225,0,47.5,20.639999999999997,68.14,19,0.3138530232382517,17,0.26147344251994964
ghost_random,21264055,0.33625,1,52.5,21.51999999999999,174.01999999999998,21,0.3192680522612276,20,0.28074359518872505
static,21264156,0.96625,1,0.0,61.840000000000046,161.84000000000003,0,0.6790948133089962,0,0.018851279559206104
single_rollback,21264156,0.32625,0,112.5,20.879999999999995,133.38,45,0.4388639688184737,44,0.2820179466965921
random_e8,21264156,0.27875,1,65.0,17.840000000000003,182.84,26,0.3435598990597986,24,0.2571594855800678
ghost_e8,21264156,0.34125,0,55.0,21.83999999999999,76.83999999999999,22,0.309134107708569,21,0.256584810650531
ghost_d8,21264156,0.35125,0,57.5,22.479999999999986,79.97999999999999,23,0.32929342313955673,22,0.2693597445610056
ghost_random,21264156,0.3175,1,52.5,20.31999999999999,172.82,21,0.30192578619872446,20,0.24586974327978528
static,21264257,0.9875,1,0.0,63.200000000000045,163.20000000000005,0,0.6935690560822972,0,0.012042669903596797
single_rollback,21264257,0.3075,1,115.0,19.679999999999986,234.67999999999998,46,0.4327947112093137,45,0.2758128558502635
random_e8,21264257,0.265,0,57.5,16.960000000000004,74.46000000000001,23,0.3337710878393992,21,0.2484923554894099
ghost_e8,21264257,0.36625,0,60.0,23.43999999999998,83.43999999999998,24,0.3296938229527128,23,0.2794414966334858
ghost_d8,21264257,0.3475,1,55.0,22.23999999999999,177.24,22,0.33135326277190275,18,0.27532815098286617
ghost_random,21264257,0.31875,0,50.0,20.399999999999995,70.39999999999999,20,0.3119572261391206,19,0.26844056982346204
static,21264358,0.97125,1,0.0,62.160000000000046,162.16000000000005,0,0.6855864428123624,0,0.015973198700102154
single_rollback,21264358,0.29125,0,105.0,18.640000000000004,123.64,42,0.41841008230557597,41,0.25851637240264475
random_e8,21264358,0.28,1,57.5,17.919999999999998,175.42000000000002,23,0.3506515343027573,22,0.25072042853287363
ghost_e8,21264358,0.35,0,45.0,22.399999999999995,67.39999999999999,18,0.3268339108363948,15,0.2604916135905301
ghost_d8,21264358,0.345,0,55.0,22.079999999999995,77.08,22,0.32344083582505867,21,0.2620946046209516
ghost_random,21264358,0.3425,1,52.5,21.919999999999987,174.42,21,0.3308563004317293,19,0.2853318984178995
static,21264459,0.97875,1,0.0,62.64000000000004,162.64000000000004,0,0.6928369455796747,0,0.02025720137129865
single_rollback,21264459,0.30625,0,110.0,19.6,129.6,44,0.4369627349987953,43,0.2867673986287975
random_e8,21264459,0.2875,1,62.5,18.400000000000002,180.9,25,0.3555979814949856,24,0.2723544112649138
ghost_e8,21264459,0.34375,0,47.5,21.999999999999993,69.5,19,0.33728193702201553,17,0.2873721232280324
ghost_d8,21264459,0.27875,1,47.5,17.840000000000003,165.34,19,0.2977968507177139,17,0.2497296925091347
ghost_random,21264459,0.345,0,45.0,22.07999999999998,67.07999999999998,18,0.33970376075398123,16,0.2941381450289866
static,21264560,0.97,1,0.0,62.08000000000004,162.08000000000004,0,0.6863397666272761,0,0.018696640793005523
single_rollback,21264560,0.3175,0,110.0,20.319999999999997,130.32,44,0.43933679947129306,43,0.2815038978942057
random_e8,21264560,0.26375,0,57.5,16.88000000000001,74.38000000000001,23,0.32823362635390113,21,0.24123228823430726
ghost_e8,21264560,0.32375,1,47.5,20.71999999999999,168.22,19,0.31954904866523004,17,0.2657652294754703
ghost_d8,21264560,0.33,0,55.0,21.119999999999994,76.11999999999999,22,0.33072650118904984,21,0.2839264914476157
ghost_random,21264560,0.3225,0,47.5,20.64,68.14,19,0.32067571756917124,18,0.2715750724760548
static,21264661,0.9825,1,0.0,62.880000000000045,162.88000000000005,0,0.6899548435948211,0,0.013710548682406145
single_rollback,21264661,0.285,0,107.5,18.240000000000002,125.74000000000001,43,0.4149452362515776,42,0.2594802537685491
random_e8,21264661,0.2725,0,60.0,17.44000000000001,77.44000000000001,24,0.33534102914792585,22,0.25080767417269567
ghost_e8,21264661,0.31375,1,47.5,20.079999999999995,167.57999999999998,19,0.31727453411631534,15,0.26412390703425703
ghost_d8,21264661,0.3225,1,52.5,20.63999999999999,173.14,21,0.31557240373176093,19,0.2630688902371537
ghost_random,21264661,0.33875,0,52.5,21.679999999999996,74.17999999999999,21,0.32864461441256454,19,0.2785806740538902
static,22260722,0.975,1,0.0,62.40000000000004,162.40000000000003,0,0.6922813240637532,0,0.023041413106764535
single_rollback,22260722,0.2925,1,115.0,18.719999999999995,233.72,46,0.42423496507800346,45,0.2683275021137533
random_e8,22260722,0.29625,0,62.5,18.959999999999997,81.46,25,0.3634581861268282,22,0.2637695913383216
ghost_e8,22260722,0.29875,0,50.0,19.12,69.12,20,0.29369827927238285,16,0.2463350764928017
ghost_d8,22260722,0.3,0,50.0,19.199999999999996,69.19999999999999,20,0.3072533675842459,17,0.2550938754354357
ghost_random,22260722,0.28125,0,45.0,17.999999999999993,62.99999999999999,18,0.28526571526867706,14,0.24006356616511204
static,22260823,0.99625,1,0.0,63.76000000000005,163.76000000000005,0,0.694920876075029,0,0.007305531281111446
single_rollback,22260823,0.29625,1,102.5,18.959999999999997,221.45999999999998,41,0.42608817667455773,40,0.27823386688427687
random_e8,22260823,0.29125,1,62.5,18.639999999999993,181.14,25,0.3552822342396984,24,0.2610164865457662
ghost_e8,22260823,0.3375,0,55.0,21.59999999999999,76.6,22,0.31408372269556034,21,0.26783333529147235
ghost_d8,22260823,0.3425,0,52.5,21.919999999999998,74.42,21,0.3320144151943269,19,0.2672535605235167
ghost_random,22260823,0.3125,0,52.5,20.0,72.5,21,0.3102279005225842,18,0.2630774760092162
static,22260924,0.95625,1,0.0,61.200000000000045,161.20000000000005,0,0.681788459589229,0,0.02814628398082826
single_rollback,22260924,0.3,0,117.5,19.200000000000003,136.7,47,0.42501676706725583,46,0.2652557394916509
random_e8,22260924,0.32625,0,65.0,20.88,85.88,26,0.36267839402802493,25,0.2673157067693737
ghost_e8,22260924,0.3775,1,55.0,24.159999999999993,179.16,22,0.3402510157533047,21,0.2807113194162594
ghost_d8,22260924,0.28375,1,45.0,18.159999999999997,163.16,18,0.2989411633962665,15,0.2508405688129008
ghost_random,22260924,0.36,0,55.0,23.039999999999996,78.03999999999999,22,0.33648054146611855,20,0.2733267525757187
static,22261025,0.97875,0,0.0,62.64000000000004,62.64000000000004,0,0.684983311412202,0,0.011640383944078736
single_rollback,22261025,0.30625,0,107.5,19.599999999999998,127.1,43,0.42596220631973514,42,0.2697010683285049
random_e8,22261025,0.30125,1,62.5,19.279999999999998,181.78,25,0.35859216226649354,23,0.26495208667854536
ghost_e8,22261025,0.32625,0,47.5,20.88,68.38,19,0.3148937898591882,17,0.25996615850931454
ghost_d8,22261025,0.32375,0,50.0,20.719999999999985,70.71999999999998,20,0.3166644995879885,18,0.26625203083627547
ghost_random,22261025,0.35625,1,45.0,22.79999999999999,167.79999999999998,18,0.3325399170103317,16,0.2746557277560656
static,22261126,0.96625,1,0.0,61.840000000000046,161.84000000000003,0,0.6842830641754492,0,0.02449145478328695
single_rollback,22261126,0.30625,0,112.5,19.59999999999999,132.1,45,0.43318241001608576,44,0.2867201552421992
random_e8,22261126,0.28125,0,57.5,18.0,75.5,23,0.3509982575197577,22,0.2537876212902516
ghost_e8,22261126,0.36,1,52.5,23.03999999999998,175.53999999999996,21,0.33588158917244093,18,0.2843524861207608
ghost_d8,22261126,0.29625,0,42.5,18.960000000000004,61.46000000000001,17,0.3118564950976834,14,0.26391214935979074
ghost_random,22261126,0.325,0,45.0,20.799999999999994,65.8,18,0.31453195646174587,16,0.27372078501024566
static,22261227,0.96625,1,0.0,61.840000000000046,161.84000000000003,0,0.6839420696216982,0,0.020937294545084358
single_rollback,22261227,0.29375,0,102.5,18.799999999999997,121.3,41,0.42295777379685107,40,0.27192127419804246
random_e8,22261227,0.31,0,70.0,19.84,89.84,28,0.36308023697570413,27,0.26822058899595697
ghost_e8,22261227,0.30375,0,40.0,19.44,59.44,16,0.31363132611252953,12,0.258539688896495
ghost_d8,22261227,0.30375,0,40.0,19.44,59.44,16,0.31363132611252953,12,0.258539688896495
ghost_random,22261227,0.33125,1,52.5,21.199999999999992,173.7,21,0.3151960084802521,20,0.26942965687121506
static,22261328,0.98,1,0.0,62.72000000000004,162.72000000000003,0,0.694483475431913,0,0.026808620784414944
single_rollback,22261328,0.32625,1,117.5,20.879999999999995,238.38,47,0.4458535275996144,46,0.289191799651604
random_e8,22261328,0.28625,1,65.0,18.32,183.32,26,0.3625402289282067,23,0.26103783001564507
ghost_e8,22261328,0.34,0,55.0,21.759999999999998,76.75999999999999,22,0.3201565611129197,21,0.26376102139712376
ghost_d8,22261328,0.32,1,47.5,20.47999999999999,167.98,19,0.3177900436958854,16,0.26541374036745635
ghost_random,22261328,0.3075,0,52.5,19.679999999999993,72.17999999999999,21,0.3020854065076165,19,0.2507068843226513
static,22261429,0.98375,1,0.0,62.96000000000004,162.96000000000004,0,0.6916198824939244,0,0.01841559936384099
single_rollback,22261429,0.28875,0,110.0,18.479999999999997,128.48,44,0.4176228515646963,43,0.26562761718438843
random_e8,22261429,0.27625,0,62.5,17.680000000000007,80.18,25,0.3287067298367522,24,0.2320116080140864
ghost_e8,22261429,0.33875,0,55.0,21.67999999999999,76.67999999999999,22,0.3094012964572459,20,0.25409058816453245
ghost_d8,22261429,0.33875,0,55.0,21.680000000000003,76.68,22,0.31842836433099864,19,0.26208042675376647
ghost_random,22261429,0.355,1,57.5,22.719999999999988,180.21999999999997,23,0.3154890731183802,22,0.2541436733438711
static,22261530,0.985,1,0.0,63.04000000000004,163.04000000000005,0,0.695035124711921,0,0.016119251637049848
single_rollback,22261530,0.29625,0,122.5,18.960000000000004,141.46,49,0.4263909415765152,48,0.26941147377088115
random_e8,22261530,0.2775,0,60.0,17.76,77.76,24,0.3207355106731158,23,0.2342144881436975
ghost_e8,22261530,0.34,1,55.0,21.759999999999994,176.76,22,0.3198944392495848,20,0.27594080603663
ghost_d8,22261530,0.325,0,47.5,20.8,68.3,19,0.32250160301861436,17,0.27521792077515794
ghost_random,22261530,0.37875,1,55.0,24.239999999999984,179.23999999999998,22,0.34958324913309885,21,0.2887938650085907
static,22261631,0.98375,1,0.0,62.96000000000004,162.96000000000004,0,0.6881597773112724,0,0.017219273092023882
single_rollback,22261631,0.2875,0,95.0,18.4,113.4,38,0.41219110368160694,37,0.25805589071983953
random_e8,22261631,0.31125,0,65.0,19.91999999999999,84.91999999999999,26,0.3658541963284509,25,0.26376320302701256
ghost_e8,22261631,0.33375,0,50.0,21.35999999999998,71.35999999999999,20,0.31754364681566044,18,0.26233884000861535
ghost_d8,22261631,0.30625,0,47.5,19.6,67.1,19,0.29944042135140336,17,0.24921042774682697
ghost_random,22261631,0.375,0,55.0,23.99999999999999,78.99999999999999,22,0.34738457945306933,20,0.2925680514636367
static,22261732,0.9825,1,0.0,62.880000000000045,162.88000000000005,0,0.6919935136702481,0,0.014127690889518959
single_rollback,22261732,0.30875,0,117.5,19.759999999999987,137.26,47,0.43192572667445317,46,0.2718659196093927
random_e8,22261732,0.265,0,60.0,16.960000000000008,76.96000000000001,24,0.3435042513058132,22,0.2509638381519639
ghost_e8,22261732,0.33625,0,55.0,21.520000000000003,76.52000000000001,22,0.321209655939971,20,0.28279128916507335
ghost_d8,22261732,0.32875,1,50.0,21.039999999999996,171.04,20,0.31981820279472095,16,0.2742536992858773
ghost_random,22261732,0.32625,1,50.0,20.879999999999995,170.88,20,0.30562049087759835,18,0.24991992107458863
static,22261833,0.98625,0,0.0,63.12000000000005,63.12000000000005,0,0.6930387837344612,0,0.014249633939597264
single_rollback,22261833,0.29125,0,110.0,18.640000000000004,128.64000000000001,44,0.42536691941128824,43,0.27955710746274215
random_e8,22261833,0.275,0,55.0,17.600000000000005,72.60000000000001,22,0.33738485717922595,20,0.24907593657600866
ghost_e8,22261833,0.36,1,45.0,23.039999999999992,168.04,18,0.34402778810636675,15,0.2906185573678836
ghost_d8,22261833,0.28,0,37.5,17.919999999999998,55.42,15,0.2789363586700575,10,0.22140224565886726
ghost_random,22261833,0.35,1,55.0,22.399999999999995,177.39999999999998,22,0.3311356725631445,21,0.2783700504248196
static,22261934,0.97375,1,0.0,62.32000000000004,162.32000000000005,0,0.6856872174993146,0,0.017438421557245218
single_rollback,22261934,0.30875,0,125.0,19.76,144.76,50,0.42972120309580203,49,0.2723655881488702
random_e8,22261934,0.29625,1,70.0,18.960000000000004,188.96,28,0.3550447389690186,27,0.256582695895493
ghost_e8,22261934,0.31375,0,52.5,20.08,72.58,21,0.29611816875291824,19,0.25159139764137306
ghost_d8,22261934,0.31875,1,52.5,20.39999999999999,172.89999999999998,21,0.3218636788792855,19,0.28211992360562566
ghost_random,22261934,0.31,1,47.5,19.83999999999999,167.33999999999997,19,0.30971287931477354,17,0.26671168638441695
static,22262035,0.98125,1,0.0,62.80000000000005,162.80000000000004,0,0.6927152129330304,0,0.016581099917144328
single_rollback,22262035,0.31125,1,112.5,19.91999999999999,232.42,45,0.44071271485970365,44,0.2915128918008816
random_e8,22262035,0.24875,0,52.5,15.92000000000001,68.42000000000002,21,0.31524615884979595,17,0.23823623170052055
ghost_e8,22262035,0.29125,1,47.5,18.640000000000004,166.14,19,0.2951281040645547,17,0.24342029042831664
ghost_d8,22262035,0.33375,1,52.5,21.360000000000003,173.86,21,0.3173855447176863,18,0.2508220003085458
ghost_random,22262035,0.36125,0,52.5,23.119999999999983,75.61999999999998,21,0.33940048403754003,20,0.2838900570202166
static,22262136,0.97125,1,0.0,62.160000000000046,162.16000000000005,0,0.6867161198249265,0,0.019681041815848416
single_rollback,22262136,0.31375,0,112.5,20.079999999999988,132.57999999999998,45,0.4375628068495394,44,0.28400762017714465
random_e8,22262136,0.29875,0,57.5,19.12,76.62,23,0.3475620805100248,21,0.27807076988783824
ghost_e8,22262136,0.3025,0,45.0,19.359999999999992,64.35999999999999,18,0.2997977075940356,15,0.2481091743268899
ghost_d8,22262136,0.3425,1,55.0,21.91999999999998,176.92,22,0.33365791700992,20,0.27046891707005716
ghost_random,22262136,0.34875,1,55.0,22.31999999999998,177.32,22,0.3318296801638902,21,0.285426088758738
static,22262237,0.96625,1,0.0,61.840000000000046,161.84000000000003,0,0.6851578037569389,0,0.020907522056763078
single_rollback,22262237,0.32125,0,125.0,20.55999999999999,145.56,50,0.44641437108598964,49,0.2988967675730872
random_e8,22262237,0.295,1,57.5,18.879999999999992,176.38,23,0.3478964968458316,22,0.25430043885309717
ghost_e8,22262237,0.33,0,45.0,21.11999999999998,66.11999999999998,18,0.33184196401795885,15,0.2849308264292904
ghost_d8,22262237,0.30125,0,47.5,19.279999999999998,66.78,19,0.30537182808734625,15,0.263115539786938
ghost_random,22262237,0.34875,0,50.0,22.319999999999983,72.31999999999998,20,0.3353684999011238,18,0.28437143581992574
static,22262338,0.97125,1,0.0,62.160000000000046,162.16000000000005,0,0.6883144648952316,0,0.020758858869170886
single_rollback,22262338,0.29375,0,105.0,18.799999999999994,123.8,42,0.42594758341216576,41,0.2752751789944525
random_e8,22262338,0.3025,0,60.0,19.359999999999992,79.35999999999999,24,0.36720307587240336,23,0.2712453825387171
ghost_e8,22262338,0.315,1,50.0,20.159999999999982,170.15999999999997,20,0.3175927821846919,18,0.2749214915186219
ghost_d8,22262338,0.31625,1,50.0,20.240000000000002,170.24,20,0.32453823968430584,18,0.27676955296502365
ghost_random,22262338,0.32125,0,47.5,20.559999999999985,68.05999999999999,19,0.3077651853865531,15,0.2670269194306254
static,22262439,0.955,1,0.0,61.12000000000005,161.12000000000006,0,0.6823805720439848,0,0.03595637449992673
single_rollback,22262439,0.295,0,105.0,18.879999999999992,123.88,42,0.42351223616694517,41,0.26934632868623065
random_e8,22262439,0.285,1,57.5,18.239999999999995,175.74,23,0.3397928840821337,21,0.23974467764188137
ghost_e8,22262439,0.37625,1,57.5,24.07999999999999,181.57999999999998,23,0.34507573909934514,22,0.28360422266605245
ghost_d8,22262439,0.345,1,55.0,22.07999999999999,177.07999999999998,22,0.3384126895796397,21,0.27320223865613646
ghost_random,22262439,0.37,0,57.5,23.679999999999993,81.17999999999999,23,0.33468799713897923,22,0.27440313791860904
static,22262540,0.98625,1,0.0,63.12000000000005,163.12000000000006,0,0.6924683114087007,0,0.014811676600148125
single_rollback,22262540,0.2975,1,102.5,19.03999999999999,221.54,41,0.4280698411105368,40,0.28160221803814456
random_e8,22262540,0.27875,0,52.5,17.84,70.34,21,0.344891474946669,19,0.26073506198538915
ghost_e8,22262540,0.36125,1,50.0,23.119999999999983,173.11999999999998,20,0.33198773024190376,17,0.2714949845367286
ghost_d8,22262540,0.35125,1,52.5,22.479999999999986,174.98,21,0.33118708622505827,19,0.2708218088087002
ghost_random,22262540,0.35125,0,50.0,22.47999999999999,72.47999999999999,20,0.31695026471941595,19,0.2586082759052545
static,22262641,0.96875,1,0.0,62.00000000000004,162.00000000000006,0,0.6881709765990636,0,0.019024097308401745
single_rollback,22262641,0.29,0,112.5,18.560000000000002,131.06,45,0.4254285009258101,44,0.2763723175742258
random_e8,22262641,0.32,1,75.0,20.48,195.48000000000002,30,0.38219545581638875,29,0.28139486158099003
ghost_e8,22262641,0.32625,0,45.0,20.87999999999999,65.88,18,0.3096746374356427,17,0.2526399847351754
ghost_d8,22262641,0.30875,1,42.5,19.759999999999987,162.26,17,0.32091893796378407,15,0.26984005906334907
ghost_random,22262641,0.32375,1,55.0,20.71999999999999,175.72,22,0.30166700430602533,20,0.2386524876419692
static,22262742,0.96,1,0.0,61.44000000000004,161.44000000000005,0,0.6792088568748269,0,0.02116224787386435
single_rollback,22262742,0.30375,0,115.0,19.43999999999999,134.44,46,0.42997654943650454,45,0.28460606639128355
random_e8,22262742,0.275,0,57.5,17.600000000000005,75.10000000000001,23,0.34997304950236563,22,0.256325234669903
ghost_e8,22262742,0.33,0,52.5,21.119999999999997,73.62,21,0.3203672795540472,20,0.2808606161913992
ghost_d8,22262742,0.325,0,47.5,20.799999999999994,68.3,19,0.33004355394268514,17,0.2924453594432201
ghost_random,22262742,0.3,0,47.5,19.2,66.7,19,0.2980555368530257,17,0.26447073686184214
static,22262843,0.9625,1,0.0,61.600000000000044,161.60000000000005,0,0.6869275759916078,0,0.030187547817564324
single_rollback,22262843,0.29,0,102.5,18.559999999999995,121.06,41,0.4207111824028459,40,0.26441592584822937
random_e8,22262843,0.29875,0,60.0,19.120000000000005,79.12,24,0.3587740451269241,23,0.2632256873884122
ghost_e8,22262843,0.33,1,45.0,21.119999999999987,166.12,18,0.3265550029604104,14,0.27341864663370996
ghost_d8,22262843,0.345,1,52.5,22.079999999999995,174.57999999999998,21,0.3310525031666679,19,0.2699572601351265
ghost_random,22262843,0.36,1,55.0,23.039999999999978,178.03999999999996,22,0.340695530074268,20,0.28319977973613203
static,22262944,0.9725,1,0.0,62.240000000000045,162.24000000000004,0,0.6888117357401649,0,0.024254136246912396
single_rollback,22262944,0.31375,0,117.5,20.079999999999995,137.57999999999998,47,0.4385380376667625,46,0.28626736069018394
random_e8,22262944,0.28875,0,60.0,18.48,78.48,24,0.3569582590884525,23,0.2625574943914835
ghost_e8,22262944,0.32625,0,50.0,20.879999999999995,70.88,20,0.3138547924123912,19,0.26287630536233136
ghost_d8,22262944,0.32375,0,47.5,20.719999999999995,68.22,19,0.32123180795261796,18,0.2716486551616936
ghost_random,22262944,0.3275,1,45.0,20.959999999999994,165.95999999999998,18,0.32117460623994804,17,0.27152425407380093
static,22263045,0.97625,1,0.0,62.48000000000005,162.48000000000005,0,0.684978269850152,0,0.019438659134678734
single_rollback,22263045,0.29,0,97.5,18.560000000000002,116.06,39,0.41574979913353466,38,0.26433991855094585
random_e8,22263045,0.28375,0,67.5,18.159999999999997,85.66,27,0.3537089354424709,24,0.252164434738278
ghost_e8,22263045,0.32,0,47.5,20.479999999999993,67.97999999999999,19,0.3086889372270932,16,0.2574573187098842
ghost_d8,22263045,0.3325,0,52.5,21.279999999999987,73.77999999999999,21,0.3168712564818788,20,0.26687031564303765
ghost_random,22263045,0.325,1,47.5,20.8,168.3,19,0.31453901905022347,18,0.2629399025247258
static,22263146,0.95625,1,0.0,61.200000000000045,161.20000000000005,0,0.6808974888271496,0,0.027864608440094862
single_rollback,22263146,0.29375,1,107.5,18.799999999999997,226.3,43,0.4219532187051696,42,0.26877543690330785
random_e8,22263146,0.27125,0,52.5,17.360000000000003,69.86,21,0.34144078799126876,20,0.2505007793867346
ghost_e8,22263146,0.32125,0,47.5,20.55999999999999,68.05999999999999,19,0.3129157763449827,17,0.2521806964587369
ghost_d8,22263146,0.31875,0,52.5,20.4,72.9,21,0.31586265920603074,19,0.26559125867796207
ghost_random,22263146,0.345,1,52.5,22.079999999999984,174.57999999999998,21,0.32001179798805646,19,0.2605268286983671
static,22263247,0.97625,0,0.0,62.48000000000005,62.48000000000005,0,0.6917180281482991,0,0.028341806577681164
single_rollback,22263247,0.28875,1,105.0,18.47999999999999,223.48,42,0.4203072081839877,41,0.2684639359785482
random_e8,22263247,0.28375,0,60.0,18.16,78.16,24,0.3482033063781555,23,0.26290695426940863
ghost_e8,22263247,0.365,1,60.0,23.359999999999992,183.35999999999999,24,0.3289311618154845,22,0.25990099277154444
ghost_d8,22263247,0.3525,1,55.0,22.559999999999988,177.56,22,0.3223585207810074,20,0.25109895840086666
ghost_random,22263247,0.32375,1,47.5,20.719999999999995,168.22,19,0.3137161630255274,17,0.2648481610618424
static,22263348,0.97375,1,0.0,62.32000000000004,162.32000000000005,0,0.6923641883810463,0,0.02535218035626321
single_rollback,22263348,0.29125,0,112.5,18.639999999999986,131.14,45,0.4253645483242683,43,0.2725648275494741
random_e8,22263348,0.28,1,62.5,17.920000000000005,180.42000000000002,25,0.352265900767645,23,0.24456725126977108
ghost_e8,22263348,0.32375,0,50.0,20.720000000000002,70.72,20,0.3038943678508685,17,0.24972671139212133
ghost_d8,22263348,0.27,0,42.5,17.280000000000005,59.78,17,0.2850821465078634,13,0.24271428933270933
ghost_random,22263348,0.32375,0,50.0,20.719999999999995,70.72,20,0.3121421296529973,17,0.2624654135599319
static,22263449,0.9725,1,0.0,62.240000000000045,162.24000000000004,0,0.6917188924185149,0,0.0302336062099441
single_rollback,22263449,0.3025,0,105.0,19.36,124.36,42,0.43197873535888853,41,0.282523865559077
random_e8,22263449,0.275,0,57.5,17.600000000000005,75.10000000000001,23,0.32702797007408796,22,0.2405676378816559
ghost_e8,22263449,0.32,0,47.5,20.47999999999999,67.97999999999999,19,0.31002283336185166,16,0.26441821732333964
ghost_d8,22263449,0.32875,0,50.0,21.04,71.03999999999999,20,0.32414656166809136,17,0.2751874877961978
ghost_random,22263449,0.31375,0,50.0,20.079999999999995,70.08,20,0.3078920359159451,17,0.2666982284037505
static,22263550,0.98625,1,0.0,63.12000000000005,163.12000000000006,0,0.6905417303810754,0,0.008321138655054882
single_rollback,22263550,0.31875,0,122.5,20.39999999999999,142.89999999999998,49,0.4400912217791809,48,0.28765170648616417
random_e8,22263550,0.2875,1,57.5,18.399999999999995,175.89999999999998,23,0.3538286676307696,22,0.25570553579084104
ghost_e8,22263550,0.35875,0,55.0,22.959999999999987,77.95999999999998,22,0.32763628574794046,21,0.28457374226709875
ghost_d8,22263550,0.33125,0,47.5,21.19999999999999,68.69999999999999,19,0.3204364436940142,17,0.26730579198120524
ghost_random,22263550,0.35875,0,55.0,22.959999999999994,77.96,22,0.3320674898840858,21,0.2717071399612403
static,22263651,0.98875,1,0.0,63.280000000000044,163.28000000000003,0,0.6966756946342889,0,0.01592850652201627
single_rollback,22263651,0.31125,0,137.5,19.91999999999999,157.42,55,0.4362101756696663,54,0.27783896271671105
random_e8,22263651,0.285,0,60.0,18.240000000000002,78.24000000000001,24,0.345754011068882,22,0.2507868807837952
ghost_e8,22263651,0.335,0,47.5,21.439999999999984,68.93999999999998,19,0.32418459400992183,15,0.26820047571639366
ghost_d8,22263651,0.34875,1,42.5,22.320000000000004,164.82,17,0.3448045309060604,14,0.2870909837963099
ghost_random,22263651,0.34875,0,57.5,22.319999999999983,79.81999999999998,23,0.3246601498292674,21,0.26700846166080544
static,22263752,0.98625,1,0.0,63.12000000000005,163.12000000000006,0,0.6912827251246609,0,0.013861966349392883
single_rollback,22263752,0.30375,0,105.0,19.43999999999999,124.44,42,0.43001497232697866,41,0.2802035545085713
random_e8,22263752,0.2775,1,62.5,17.76000000000001,180.26,25,0.33979677928346336,23,0.259563039015513
ghost_e8,22263752,0.33875,1,55.0,21.679999999999986,176.67999999999998,22,0.32920480716673695,19,0.2696965308365148
ghost_d8,22263752,0.3375,1,52.5,21.59999999999999,174.1,21,0.31716774744333864,19,0.2530909456948809
ghost_random,22263752,0.35625,0,55.0,22.79999999999999,77.79999999999998,22,0.3256354976456348,20,0.270036377295489
static,22263853,0.96875,1,0.0,62.00000000000004,162.00000000000006,0,0.6833074925386036,0,0.024983020671932678
single_rollback,22263853,0.31625,0,110.0,20.23999999999999,130.23999999999998,44,0.4361168933094235,43,0.28508132647018625
random_e8,22263853,0.29375,0,60.0,18.8,78.8,24,0.346858492536388,23,0.25604064727317555
ghost_e8,22263853,0.3375,1,55.0,21.59999999999999,176.6,22,0.32181055389548413,20,0.2729045350808026
ghost_d8,22263853,0.2775,0,47.5,17.760000000000005,65.26,19,0.2852396834576039,17,0.236925766683316
ghost_random,22263853,0.36,1,60.0,23.039999999999992,183.04,24,0.32297486174868034,22,0.2514398805420079
static,22263954,0.97,1,0.0,62.08000000000004,162.08000000000004,0,0.686882401835926,0,0.0198822928832726
single_rollback,22263954,0.295,0,100.0,18.88,118.88,40,0.4281675996371369,39,0.2822509362185791
random_e8,22263954,0.28125,1,57.5,18.000000000000004,175.5,23,0.34483618832125645,22,0.2501318827638777
ghost_e8,22263954,0.3475,1,52.5,22.239999999999995,174.74,21,0.3285165540633039,20,0.27551142708363563
ghost_d8,22263954,0.3375,0,50.0,21.599999999999984,71.59999999999998,20,0.33256265639853394,19,0.27796347956709355
ghost_random,22263954,0.3325,0,50.0,21.279999999999998,71.28,20,0.31796865540931374,19,0.2711654777932949
static,22264055,0.9575,1,0.0,61.280000000000044,161.28000000000003,0,0.6832764571936615,0,0.02522587019191154
single_rollback,22264055,0.29875,0,112.5,19.119999999999997,131.62,45,0.42692000624831794,44,0.2696985574758895
random_e8,22264055,0.2975,0,67.5,19.039999999999992,86.53999999999999,27,0.36317511294245947,26,0.2701411127613085
ghost_e8,22264055,0.3325,0,50.0,21.27999999999998,71.27999999999997,20,0.3188269542509735,17,0.2691433935405669
ghost_d8,22264055,0.34125,0,52.5,21.839999999999996,74.34,21,0.3329939646947891,20,0.28588005575215797
ghost_random,22264055,0.325,1,52.5,20.79999999999999,173.29999999999998,21,0.31603542698471754,19,0.26772105247700173
static,22264156,0.97875,1,0.0,62.64000000000004,162.64000000000004,0,0.6913820360825226,0,0.019565779882370505
single_rollback,22264156,0.3025,0,107.5,19.36,126.86,43,0.42974858373915936,42,0.275712109684469
random_e8,22264156,0.29,0,60.0,18.56,78.56,24,0.3531142028271422,23,0.2501639728778347
ghost_e8,22264156,0.35625,1,55.0,22.799999999999986,177.79999999999998,22,0.33493862517022,21,0.2789241769106171
ghost_d8,22264156,0.34625,0,55.0,22.15999999999998,77.15999999999998,22,0.34472713112869313,19,0.2897290258874461
ghost_random,22264156,0.3175,0,50.0,20.319999999999997,70.32,20,0.30748637635260656,18,0.2675483597755178
static,22264257,0.97875,1,0.0,62.64000000000004,162.64000000000004,0,0.6924223777995775,0,0.028045927117932114
single_rollback,22264257,0.3125,0,110.0,19.99999999999999,130.0,44,0.4362089842389065,43,0.2835467470978218
random_e8,22264257,0.2675,0,60.0,17.120000000000005,77.12,24,0.3324924344435566,22,0.25012789151274273
ghost_e8,22264257,0.36625,0,55.0,23.43999999999999,78.44,22,0.3286486940255273,20,0.27879371571833766
ghost_d8,22264257,0.3025,1,52.5,19.36,171.86,21,0.3129324547417507,18,0.2664241745870262
ghost_random,22264257,0.3425,0,52.5,21.919999999999995,74.41999999999999,21,0.3186247875455822,20,0.2827824868066544
static,22264358,0.95875,1,0.0,61.36000000000005,161.36000000000004,0,0.6881127579521146,0,0.04227273796640072
single_rollback,22264358,0.29375,1,105.0,18.799999999999997,223.8,42,0.4251598367904553,41,0.27470648084305366
random_e8,22264358,0.27625,1,62.5,17.680000000000003,180.18,25,0.3465546056910781,24,0.25144292734533147
ghost_e8,22264358,0.30875,1,50.0,19.759999999999998,169.76,20,0.2893451125931323,19,0.24841299111143658
ghost_d8,22264358,0.315,0,45.0,20.16,65.16,18,0.31643357553615226,16,0.26551777194980014
ghost_random,22264358,0.32,0,40.0,20.479999999999997,60.48,16,0.3092272382732043,13,0.2574888209088544
static,22264459,0.97375,1,0.0,62.32000000000004,162.32000000000005,0,0.6922840077260055,0,0.02669772237585336
single_rollback,22264459,0.29625,1,115.0,18.959999999999994,233.95999999999998,46,0.4286008138100549,45,0.2771098615283232
random_e8,22264459,0.26375,1,70.0,16.880000000000006,186.88,28,0.3389929608797988,27,0.24472446799880973
ghost_e8,22264459,0.3425,0,52.5,21.91999999999999,74.41999999999999,21,0.32559628903824445,20,0.2818655034725098
ghost_d8,22264459,0.34625,1,55.0,22.15999999999999,177.16,22,0.334837669323006,21,0.2897206639867108
ghost_random,22264459,0.35,1,50.0,22.399999999999995,172.39999999999998,20,0.32430521178987026,17,0.2574133610396418
static,22264560,0.97375,1,0.0,62.32000000000004,162.32000000000005,0,0.6875896412411273,0,0.018869440790495264
single_rollback,22264560,0.28875,1,100.0,18.48,218.48000000000002,40,0.41848528747252556,39,0.26378671429529904
random_e8,22264560,0.2825,0,55.0,18.08,73.08,22,0.3276115358910011,18,0.2391606560005938
ghost_e8,22264560,0.32875,0,50.0,21.03999999999998,71.03999999999998,20,0.3176491002655908,17,0.2542524648114287
ghost_d8,22264560,0.33875,0,45.0,21.67999999999999,66.67999999999999,18,0.322679216545829,16,0.2636759990397778
ghost_random,22264560,0.3225,0,55.0,20.63999999999999,75.63999999999999,22,0.31324155803896436,20,0.27357357838130747
static,22264661,0.9725,1,0.0,62.240000000000045,162.24000000000004,0,0.6913078172399723,0,0.029901349239235354
single_rollback,22264661,0.27125,0,92.5,17.360000000000003,109.86,37,0.40829959826564355,36,0.2559952987847276
random_e8,22264661,0.265,1,57.5,16.960000000000004,174.46,23,0.339282473222595,21,0.23981054493559767
ghost_e8,22264661,0.32625,0,45.0,20.879999999999995,65.88,18,0.314431661221058,14,0.2573724045217153
ghost_d8,22264661,0.3075,1,45.0,19.679999999999986,164.67999999999998,18,0.31532506316308095,14,0.2568537364445047
ghost_random,22264661,0.33375,1,52.5,21.360000000000003,173.86,21,0.30907434785677607,19,0.25927220165841175
